<?xml version="1.0" encoding="UTF-8"?>
<project-private xmlns="http://www.netbeans.org/ns/project-private/1">
    <editor-bookmarks xmlns="http://www.netbeans.org/ns/editor-bookmarks/2" lastBookmarkId="0"/>
    <open-files xmlns="http://www.netbeans.org/ns/projectui-open-files/2">
        <group>
            <file>file:/Users/Pebs/Desktop/School/4th%20Year%201st%20Sem/CS%20292/Thesis/src/thesis/mainController.java</file>
            <file>file:/Users/Pebs/Desktop/School/4th%20Year%201st%20Sem/CS%20292/Thesis/src/thesis/main.fxml</file>
            <file>file:/Users/Pebs/Desktop/School/4th%20Year%201st%20Sem/CS%20292/Thesis/src/thesis/Thesis.java</file>
        </group>
    </open-files>
</project-private>
